a9eb4238-eba9-488c-b102-b6140fd08e38;2019-11-01T07:00:00Z;62.25;62.23;62.39;62.23;232;
a9eb4238-eba9-488c-b102-b6140fd08e38;2019-11-01T07:01:00Z;62.24;62.24;62.24;62.24;16;
a9eb4238-eba9-488c-b102-b6140fd08e38;2019-11-01T07:04:00Z;62.25;62.25;62.25;62.25;36;
a9eb4238-eba9-488c-b102-b6140fd08e38;2019-11-01T07:06:00Z;62.31;62.26;62.31;62.26;44;
a9eb4238-eba9-488c-b102-b6140fd08e38;2019-11-01T07:07:00Z;62.26;62.26;62.26;62.26;20;
a9eb4238-eba9-488c-b102-b6140fd08e38;2019-11-01T07:09:00Z;62.29;62.29;62.29;62.29;4;
a9eb4238-eba9-488c-b102-b6140fd08e38;2019-11-01T07:12:00Z;62.29;62.29;62.29;62.29;40;
a9eb4238-eba9-488c-b102-b6140fd08e38;2019-11-01T07:16:00Z;62.29;62.29;62.29;62.29;24;
a9eb4238-eba9-488c-b102-b6140fd08e38;2019-11-01T07:22:00Z;62.37;62.37;62.37;62.37;40;
a9eb4238-eba9-488c-b102-b6140fd08e38;2019-11-01T07:23:00Z;62.3;62.37;62.37;62.3;140;
a9eb4238-eba9-488c-b102-b6140fd08e38;2019-11-01T07:24:00Z;62.37;62.37;62.37;62.37;64;
a9eb4238-eba9-488c-b102-b6140fd08e38;2019-11-01T07:25:00Z;62.37;62.37;62.37;62.37;24;
a9eb4238-eba9-488c-b102-b6140fd08e38;2019-11-01T07:26:00Z;62.37;62.37;62.37;62.37;16;
a9eb4238-eba9-488c-b102-b6140fd08e38;2019-11-01T07:27:00Z;62.37;62.37;62.37;62.37;20;
a9eb4238-eba9-488c-b102-b6140fd08e38;2019-11-01T07:29:00Z;62.37;62.37;62.37;62.37;12;
a9eb4238-eba9-488c-b102-b6140fd08e38;2019-11-01T07:32:00Z;62.35;62.35;62.35;62.35;4;
a9eb4238-eba9-488c-b102-b6140fd08e38;2019-11-01T07:34:00Z;62.35;62.35;62.35;62.35;4;
a9eb4238-eba9-488c-b102-b6140fd08e38;2019-11-01T07:35:00Z;62.3;62.35;62.35;62.3;8;
a9eb4238-eba9-488c-b102-b6140fd08e38;2019-11-01T07:36:00Z;62.34;62.34;62.34;62.34;12;
a9eb4238-eba9-488c-b102-b6140fd08e38;2019-11-01T07:37:00Z;62.29;62.29;62.29;62.29;4;
a9eb4238-eba9-488c-b102-b6140fd08e38;2019-11-01T07:42:00Z;62.35;62.35;62.35;62.35;4;
a9eb4238-eba9-488c-b102-b6140fd08e38;2019-11-01T07:43:00Z;62.29;62.29;62.29;62.29;80;
a9eb4238-eba9-488c-b102-b6140fd08e38;2019-11-01T07:44:00Z;62.29;62.29;62.29;62.29;48;
a9eb4238-eba9-488c-b102-b6140fd08e38;2019-11-01T07:48:00Z;62.29;62.29;62.29;62.29;4;
a9eb4238-eba9-488c-b102-b6140fd08e38;2019-11-01T07:55:00Z;62.29;62.35;62.35;62.29;48;
a9eb4238-eba9-488c-b102-b6140fd08e38;2019-11-01T07:56:00Z;62.3;62.3;62.3;62.3;4;
a9eb4238-eba9-488c-b102-b6140fd08e38;2019-11-01T07:58:00Z;62.29;62.29;62.29;62.29;4;
a9eb4238-eba9-488c-b102-b6140fd08e38;2019-11-01T07:59:00Z;62.3;62.3;62.3;62.3;40;
a9eb4238-eba9-488c-b102-b6140fd08e38;2019-11-01T08:03:00Z;62.29;62.29;62.29;62.29;60;
a9eb4238-eba9-488c-b102-b6140fd08e38;2019-11-01T08:08:00Z;62.35;62.35;62.35;62.35;136;
a9eb4238-eba9-488c-b102-b6140fd08e38;2019-11-01T08:09:00Z;62.32;62.32;62.32;62.32;20;
a9eb4238-eba9-488c-b102-b6140fd08e38;2019-11-01T08:18:00Z;62.37;62.37;62.37;62.37;36;
a9eb4238-eba9-488c-b102-b6140fd08e38;2019-11-01T08:19:00Z;62.38;62.38;62.38;62.38;524;
a9eb4238-eba9-488c-b102-b6140fd08e38;2019-11-01T08:21:00Z;62.38;62.38;62.38;62.38;156;
a9eb4238-eba9-488c-b102-b6140fd08e38;2019-11-01T08:22:00Z;62.39;62.39;62.39;62.39;76;
a9eb4238-eba9-488c-b102-b6140fd08e38;2019-11-01T08:23:00Z;62.39;62.39;62.39;62.39;4;
a9eb4238-eba9-488c-b102-b6140fd08e38;2019-11-01T08:24:00Z;62.39;62.45;62.45;62.39;200;
a9eb4238-eba9-488c-b102-b6140fd08e38;2019-11-01T08:25:00Z;62.4;62.4;62.4;62.4;4;
a9eb4238-eba9-488c-b102-b6140fd08e38;2019-11-01T08:29:00Z;62.33;62.33;62.33;62.33;52;
a9eb4238-eba9-488c-b102-b6140fd08e38;2019-11-01T08:33:00Z;62.26;62.25;62.26;62.22;488;
a9eb4238-eba9-488c-b102-b6140fd08e38;2019-11-01T08:35:00Z;62.25;62.25;62.25;62.25;4;
a9eb4238-eba9-488c-b102-b6140fd08e38;2019-11-01T08:37:00Z;62.25;62.25;62.25;62.25;4;
a9eb4238-eba9-488c-b102-b6140fd08e38;2019-11-01T08:40:00Z;62.26;62.26;62.26;62.26;4;
a9eb4238-eba9-488c-b102-b6140fd08e38;2019-11-01T08:41:00Z;62.26;62.26;62.26;62.26;84;
a9eb4238-eba9-488c-b102-b6140fd08e38;2019-11-01T08:42:00Z;62.28;62.28;62.28;62.28;28;
a9eb4238-eba9-488c-b102-b6140fd08e38;2019-11-01T08:43:00Z;62.26;62.29;62.29;62.26;12;
a9eb4238-eba9-488c-b102-b6140fd08e38;2019-11-01T08:44:00Z;62.29;62.29;62.29;62.29;8;
a9eb4238-eba9-488c-b102-b6140fd08e38;2019-11-01T08:49:00Z;62.29;62.29;62.29;62.29;4;
a9eb4238-eba9-488c-b102-b6140fd08e38;2019-11-01T08:50:00Z;62.27;62.27;62.27;62.27;24;
a9eb4238-eba9-488c-b102-b6140fd08e38;2019-11-01T08:52:00Z;62.3;62.3;62.3;62.3;8;
a9eb4238-eba9-488c-b102-b6140fd08e38;2019-11-01T08:54:00Z;62.3;62.3;62.3;62.3;60;
a9eb4238-eba9-488c-b102-b6140fd08e38;2019-11-01T08:56:00Z;62.35;62.36;62.36;62.35;12;
a9eb4238-eba9-488c-b102-b6140fd08e38;2019-11-01T08:57:00Z;62.33;62.33;62.33;62.33;16;
a9eb4238-eba9-488c-b102-b6140fd08e38;2019-11-01T08:58:00Z;62.4;62.4;62.4;62.4;4;
a9eb4238-eba9-488c-b102-b6140fd08e38;2019-11-01T09:00:00Z;62.36;62.36;62.36;62.36;16;
a9eb4238-eba9-488c-b102-b6140fd08e38;2019-11-01T09:01:00Z;62.33;62.33;62.33;62.33;4;
a9eb4238-eba9-488c-b102-b6140fd08e38;2019-11-01T09:03:00Z;62.33;62.34;62.34;62.33;40;
a9eb4238-eba9-488c-b102-b6140fd08e38;2019-11-01T09:04:00Z;62.34;62.34;62.34;62.34;24;
a9eb4238-eba9-488c-b102-b6140fd08e38;2019-11-01T09:05:00Z;62.36;62.36;62.36;62.36;4;
a9eb4238-eba9-488c-b102-b6140fd08e38;2019-11-01T09:06:00Z;62.36;62.36;62.36;62.36;20;
a9eb4238-eba9-488c-b102-b6140fd08e38;2019-11-01T09:07:00Z;62.36;62.36;62.36;62.36;8;
a9eb4238-eba9-488c-b102-b6140fd08e38;2019-11-01T09:11:00Z;62.35;62.35;62.35;62.35;4;
a9eb4238-eba9-488c-b102-b6140fd08e38;2019-11-01T09:12:00Z;62.35;62.33;62.35;62.33;8;
a9eb4238-eba9-488c-b102-b6140fd08e38;2019-11-01T09:17:00Z;62.33;62.33;62.33;62.33;4;
a9eb4238-eba9-488c-b102-b6140fd08e38;2019-11-01T09:22:00Z;62.33;62.33;62.33;62.33;4;
a9eb4238-eba9-488c-b102-b6140fd08e38;2019-11-01T09:24:00Z;62.33;62.33;62.33;62.33;4;
a9eb4238-eba9-488c-b102-b6140fd08e38;2019-11-01T09:37:00Z;62.33;62.33;62.33;62.33;8;
a9eb4238-eba9-488c-b102-b6140fd08e38;2019-11-01T09:40:00Z;62.32;62.32;62.32;62.32;4;
a9eb4238-eba9-488c-b102-b6140fd08e38;2019-11-01T09:41:00Z;62.32;62.33;62.33;62.32;16;
a9eb4238-eba9-488c-b102-b6140fd08e38;2019-11-01T09:45:00Z;62.31;62.31;62.31;62.31;4;
a9eb4238-eba9-488c-b102-b6140fd08e38;2019-11-01T09:46:00Z;62.32;62.32;62.32;62.32;40;
a9eb4238-eba9-488c-b102-b6140fd08e38;2019-11-01T09:48:00Z;62.32;62.32;62.32;62.32;4;
a9eb4238-eba9-488c-b102-b6140fd08e38;2019-11-01T09:50:00Z;62.32;62.32;62.32;62.32;8;
a9eb4238-eba9-488c-b102-b6140fd08e38;2019-11-01T09:51:00Z;62.34;62.38;62.38;62.34;112;
a9eb4238-eba9-488c-b102-b6140fd08e38;2019-11-01T09:53:00Z;62.33;62.33;62.33;62.33;4;
a9eb4238-eba9-488c-b102-b6140fd08e38;2019-11-01T09:57:00Z;62.34;62.34;62.34;62.34;8;
a9eb4238-eba9-488c-b102-b6140fd08e38;2019-11-01T10:00:00Z;62.34;62.33;62.34;62.33;16;
a9eb4238-eba9-488c-b102-b6140fd08e38;2019-11-01T10:02:00Z;62.33;62.33;62.33;62.33;4;
a9eb4238-eba9-488c-b102-b6140fd08e38;2019-11-01T10:06:00Z;62.32;62.33;62.33;62.32;44;
a9eb4238-eba9-488c-b102-b6140fd08e38;2019-11-01T10:08:00Z;62.3;62.3;62.3;62.3;24;
a9eb4238-eba9-488c-b102-b6140fd08e38;2019-11-01T10:09:00Z;62.29;62.29;62.29;62.29;60;
a9eb4238-eba9-488c-b102-b6140fd08e38;2019-11-01T10:14:00Z;62.33;62.33;62.33;62.33;4;
a9eb4238-eba9-488c-b102-b6140fd08e38;2019-11-01T10:17:00Z;62.3;62.3;62.3;62.3;100;
a9eb4238-eba9-488c-b102-b6140fd08e38;2019-11-01T10:18:00Z;62.29;62.29;62.29;62.29;52;
a9eb4238-eba9-488c-b102-b6140fd08e38;2019-11-01T10:19:00Z;62.29;62.29;62.29;62.29;240;
a9eb4238-eba9-488c-b102-b6140fd08e38;2019-11-01T10:26:00Z;62.35;62.35;62.35;62.35;4;
a9eb4238-eba9-488c-b102-b6140fd08e38;2019-11-01T10:31:00Z;62.35;62.35;62.35;62.35;4;
a9eb4238-eba9-488c-b102-b6140fd08e38;2019-11-01T10:46:00Z;62.34;62.34;62.34;62.34;4;
a9eb4238-eba9-488c-b102-b6140fd08e38;2019-11-01T10:47:00Z;62.34;62.34;62.34;62.34;8;
a9eb4238-eba9-488c-b102-b6140fd08e38;2019-11-01T10:50:00Z;62.35;62.35;62.35;62.35;4;
a9eb4238-eba9-488c-b102-b6140fd08e38;2019-11-01T10:51:00Z;62.37;62.37;62.37;62.37;20;
a9eb4238-eba9-488c-b102-b6140fd08e38;2019-11-01T10:52:00Z;62.34;62.34;62.34;62.34;32;
a9eb4238-eba9-488c-b102-b6140fd08e38;2019-11-01T11:05:00Z;62.35;62.38;62.38;62.35;412;
a9eb4238-eba9-488c-b102-b6140fd08e38;2019-11-01T11:11:00Z;62.33;62.33;62.33;62.33;4;
a9eb4238-eba9-488c-b102-b6140fd08e38;2019-11-01T11:17:00Z;62.34;62.34;62.34;62.34;4;
a9eb4238-eba9-488c-b102-b6140fd08e38;2019-11-01T11:18:00Z;62.33;62.33;62.33;62.33;4;
a9eb4238-eba9-488c-b102-b6140fd08e38;2019-11-01T11:19:00Z;62.27;62.27;62.27;62.27;152;
a9eb4238-eba9-488c-b102-b6140fd08e38;2019-11-01T11:20:00Z;62.27;62.27;62.27;62.27;8;
a9eb4238-eba9-488c-b102-b6140fd08e38;2019-11-01T11:26:00Z;62.27;62.27;62.27;62.27;380;
a9eb4238-eba9-488c-b102-b6140fd08e38;2019-11-01T11:29:00Z;62.28;62.28;62.28;62.28;80;
a9eb4238-eba9-488c-b102-b6140fd08e38;2019-11-01T11:31:00Z;62.27;62.27;62.27;62.27;40;
a9eb4238-eba9-488c-b102-b6140fd08e38;2019-11-01T11:34:00Z;62.27;62.27;62.27;62.27;4;
a9eb4238-eba9-488c-b102-b6140fd08e38;2019-11-01T11:35:00Z;62.26;62.26;62.26;62.26;124;
a9eb4238-eba9-488c-b102-b6140fd08e38;2019-11-01T11:37:00Z;62.27;62.27;62.27;62.27;216;
a9eb4238-eba9-488c-b102-b6140fd08e38;2019-11-01T11:38:00Z;62.28;62.28;62.28;62.28;400;
a9eb4238-eba9-488c-b102-b6140fd08e38;2019-11-01T11:39:00Z;62.29;62.28;62.29;62.28;820;
a9eb4238-eba9-488c-b102-b6140fd08e38;2019-11-01T11:41:00Z;62.28;62.28;62.28;62.28;760;
a9eb4238-eba9-488c-b102-b6140fd08e38;2019-11-01T11:43:00Z;62.29;62.29;62.3;62.29;804;
a9eb4238-eba9-488c-b102-b6140fd08e38;2019-11-01T11:51:00Z;62.25;62.24;62.25;62.24;4600;
a9eb4238-eba9-488c-b102-b6140fd08e38;2019-11-01T11:53:00Z;62.24;62.24;62.24;62.24;112;
a9eb4238-eba9-488c-b102-b6140fd08e38;2019-11-01T11:54:00Z;62.2;62.23;62.23;62.2;8000;
a9eb4238-eba9-488c-b102-b6140fd08e38;2019-11-01T11:55:00Z;62.2;62.2;62.2;62.2;40;
a9eb4238-eba9-488c-b102-b6140fd08e38;2019-11-01T11:56:00Z;62.19;62.18;62.19;62.18;980;
a9eb4238-eba9-488c-b102-b6140fd08e38;2019-11-01T11:57:00Z;62.17;62.17;62.17;62.17;508;
a9eb4238-eba9-488c-b102-b6140fd08e38;2019-11-01T11:59:00Z;62.16;62.19;62.19;62.16;204;
a9eb4238-eba9-488c-b102-b6140fd08e38;2019-11-01T12:00:00Z;62.18;62.18;62.18;62.18;1864;
a9eb4238-eba9-488c-b102-b6140fd08e38;2019-11-01T12:01:00Z;62.17;62.17;62.17;62.16;2432;
a9eb4238-eba9-488c-b102-b6140fd08e38;2019-11-01T12:02:00Z;62.16;62.21;62.21;62.16;424;
a9eb4238-eba9-488c-b102-b6140fd08e38;2019-11-01T12:03:00Z;62.19;62.19;62.19;62.19;200;
a9eb4238-eba9-488c-b102-b6140fd08e38;2019-11-01T12:04:00Z;62.21;62.17;62.21;62.17;240;
a9eb4238-eba9-488c-b102-b6140fd08e38;2019-11-01T12:06:00Z;62.19;62.19;62.19;62.19;800;
a9eb4238-eba9-488c-b102-b6140fd08e38;2019-11-01T12:08:00Z;62.19;62.19;62.19;62.18;524;
a9eb4238-eba9-488c-b102-b6140fd08e38;2019-11-01T12:09:00Z;62.19;62.19;62.19;62.19;100;
a9eb4238-eba9-488c-b102-b6140fd08e38;2019-11-01T12:10:00Z;62.21;62.22;62.22;62.21;588;
a9eb4238-eba9-488c-b102-b6140fd08e38;2019-11-01T12:12:00Z;62.2;62.21;62.21;62.2;1172;
a9eb4238-eba9-488c-b102-b6140fd08e38;2019-11-01T12:13:00Z;62.2;62.19;62.21;62.19;2852;
a9eb4238-eba9-488c-b102-b6140fd08e38;2019-11-01T12:14:00Z;62.19;62.2;62.2;62.19;7512;
a9eb4238-eba9-488c-b102-b6140fd08e38;2019-11-01T12:15:00Z;62.2;62.21;62.21;62.2;2392;
a9eb4238-eba9-488c-b102-b6140fd08e38;2019-11-01T12:16:00Z;62.21;62.21;62.21;62.21;1612;
a9eb4238-eba9-488c-b102-b6140fd08e38;2019-11-01T12:17:00Z;62.2;62.2;62.21;62.19;3084;
a9eb4238-eba9-488c-b102-b6140fd08e38;2019-11-01T12:18:00Z;62.2;62.2;62.2;62.2;124;
a9eb4238-eba9-488c-b102-b6140fd08e38;2019-11-01T12:19:00Z;62.2;62.22;62.22;62.2;236;
a9eb4238-eba9-488c-b102-b6140fd08e38;2019-11-01T12:20:00Z;62.19;62.19;62.19;62.19;152;
a9eb4238-eba9-488c-b102-b6140fd08e38;2019-11-01T12:21:00Z;62.19;62.19;62.19;62.19;4;
a9eb4238-eba9-488c-b102-b6140fd08e38;2019-11-01T12:24:00Z;62.21;62.23;62.23;62.21;8000;
a9eb4238-eba9-488c-b102-b6140fd08e38;2019-11-01T12:27:00Z;62.19;62.2;62.2;62.19;16;
a9eb4238-eba9-488c-b102-b6140fd08e38;2019-11-01T12:28:00Z;62.2;62.2;62.2;62.2;1696;
a9eb4238-eba9-488c-b102-b6140fd08e38;2019-11-01T12:30:00Z;62.23;62.34;62.34;62.23;27720;
a9eb4238-eba9-488c-b102-b6140fd08e38;2019-11-01T12:31:00Z;62.27;62.38;62.38;62.27;21388;
a9eb4238-eba9-488c-b102-b6140fd08e38;2019-11-01T12:32:00Z;62.38;62.38;62.39;62.37;3384;
a9eb4238-eba9-488c-b102-b6140fd08e38;2019-11-01T12:33:00Z;62.38;62.38;62.4;62.35;37356;
a9eb4238-eba9-488c-b102-b6140fd08e38;2019-11-01T12:34:00Z;62.4;62.4;62.4;62.37;3932;
a9eb4238-eba9-488c-b102-b6140fd08e38;2019-11-01T12:35:00Z;62.39;62.4;62.43;62.39;6900;
a9eb4238-eba9-488c-b102-b6140fd08e38;2019-11-01T12:36:00Z;62.4;62.41;62.41;62.4;3080;
a9eb4238-eba9-488c-b102-b6140fd08e38;2019-11-01T12:37:00Z;62.41;62.41;62.42;62.41;2944;
a9eb4238-eba9-488c-b102-b6140fd08e38;2019-11-01T12:38:00Z;62.41;62.4;62.41;62.38;2824;
a9eb4238-eba9-488c-b102-b6140fd08e38;2019-11-01T12:39:00Z;62.4;62.41;62.43;62.4;4236;
a9eb4238-eba9-488c-b102-b6140fd08e38;2019-11-01T12:41:00Z;62.42;62.39;62.42;62.34;6016;
a9eb4238-eba9-488c-b102-b6140fd08e38;2019-11-01T12:42:00Z;62.4;62.4;62.4;62.4;3012;
a9eb4238-eba9-488c-b102-b6140fd08e38;2019-11-01T12:43:00Z;62.4;62.42;62.42;62.4;2456;
a9eb4238-eba9-488c-b102-b6140fd08e38;2019-11-01T12:44:00Z;62.42;62.4;62.43;62.4;8408;
a9eb4238-eba9-488c-b102-b6140fd08e38;2019-11-01T12:45:00Z;62.42;62.4;62.42;62.4;440;
a9eb4238-eba9-488c-b102-b6140fd08e38;2019-11-01T12:47:00Z;62.38;62.38;62.38;62.38;400;
a9eb4238-eba9-488c-b102-b6140fd08e38;2019-11-01T12:48:00Z;62.39;62.39;62.39;62.39;200;
a9eb4238-eba9-488c-b102-b6140fd08e38;2019-11-01T12:49:00Z;62.38;62.39;62.39;62.38;600;
a9eb4238-eba9-488c-b102-b6140fd08e38;2019-11-01T12:50:00Z;62.39;62.38;62.39;62.38;420;
a9eb4238-eba9-488c-b102-b6140fd08e38;2019-11-01T12:51:00Z;62.38;62.39;62.39;62.38;2040;
a9eb4238-eba9-488c-b102-b6140fd08e38;2019-11-01T12:52:00Z;62.39;62.39;62.39;62.39;8;
a9eb4238-eba9-488c-b102-b6140fd08e38;2019-11-01T12:53:00Z;62.35;62.35;62.35;62.35;400;
a9eb4238-eba9-488c-b102-b6140fd08e38;2019-11-01T12:54:00Z;62.37;62.35;62.37;62.35;1456;
a9eb4238-eba9-488c-b102-b6140fd08e38;2019-11-01T12:55:00Z;62.35;62.36;62.36;62.35;6204;
a9eb4238-eba9-488c-b102-b6140fd08e38;2019-11-01T12:57:00Z;62.38;62.38;62.38;62.38;2796;
a9eb4238-eba9-488c-b102-b6140fd08e38;2019-11-01T12:59:00Z;62.37;62.38;62.38;62.37;7772;
a9eb4238-eba9-488c-b102-b6140fd08e38;2019-11-01T13:00:00Z;62.38;62.42;62.42;62.38;15024;
a9eb4238-eba9-488c-b102-b6140fd08e38;2019-11-01T13:01:00Z;62.42;62.4;62.44;62.4;10812;
a9eb4238-eba9-488c-b102-b6140fd08e38;2019-11-01T13:02:00Z;62.4;62.42;62.43;62.4;3272;
a9eb4238-eba9-488c-b102-b6140fd08e38;2019-11-01T13:03:00Z;62.42;62.43;62.43;62.42;1220;
a9eb4238-eba9-488c-b102-b6140fd08e38;2019-11-01T13:04:00Z;62.43;62.43;62.43;62.43;1072;
a9eb4238-eba9-488c-b102-b6140fd08e38;2019-11-01T13:05:00Z;62.43;62.44;62.44;62.43;5344;
a9eb4238-eba9-488c-b102-b6140fd08e38;2019-11-01T13:06:00Z;62.44;62.41;62.44;62.41;820;
a9eb4238-eba9-488c-b102-b6140fd08e38;2019-11-01T13:07:00Z;62.4;62.4;62.4;62.4;124;
a9eb4238-eba9-488c-b102-b6140fd08e38;2019-11-01T13:08:00Z;62.4;62.42;62.42;62.4;428;
a9eb4238-eba9-488c-b102-b6140fd08e38;2019-11-01T13:09:00Z;62.4;62.4;62.4;62.4;12;
a9eb4238-eba9-488c-b102-b6140fd08e38;2019-11-01T13:10:00Z;62.4;62.38;62.4;62.38;1584;
a9eb4238-eba9-488c-b102-b6140fd08e38;2019-11-01T13:11:00Z;62.4;62.4;62.4;62.39;4040;
a9eb4238-eba9-488c-b102-b6140fd08e38;2019-11-01T13:12:00Z;62.42;62.42;62.42;62.42;1400;
a9eb4238-eba9-488c-b102-b6140fd08e38;2019-11-01T13:13:00Z;62.4;62.38;62.4;62.38;2152;
a9eb4238-eba9-488c-b102-b6140fd08e38;2019-11-01T13:14:00Z;62.4;62.42;62.42;62.4;1136;
a9eb4238-eba9-488c-b102-b6140fd08e38;2019-11-01T13:15:00Z;62.4;62.42;62.42;62.39;820;
a9eb4238-eba9-488c-b102-b6140fd08e38;2019-11-01T13:16:00Z;62.41;62.41;62.42;62.38;11756;
a9eb4238-eba9-488c-b102-b6140fd08e38;2019-11-01T13:17:00Z;62.4;62.39;62.41;62.38;11048;
a9eb4238-eba9-488c-b102-b6140fd08e38;2019-11-01T13:18:00Z;62.39;62.4;62.41;62.39;4648;
a9eb4238-eba9-488c-b102-b6140fd08e38;2019-11-01T13:19:00Z;62.39;62.39;62.39;62.39;904;
a9eb4238-eba9-488c-b102-b6140fd08e38;2019-11-01T13:20:00Z;62.38;62.38;62.38;62.38;84;
a9eb4238-eba9-488c-b102-b6140fd08e38;2019-11-01T13:21:00Z;62.4;62.4;62.4;62.4;304;
a9eb4238-eba9-488c-b102-b6140fd08e38;2019-11-01T13:22:00Z;62.4;62.41;62.41;62.39;6724;
a9eb4238-eba9-488c-b102-b6140fd08e38;2019-11-01T13:23:00Z;62.42;62.42;62.42;62.42;3372;
a9eb4238-eba9-488c-b102-b6140fd08e38;2019-11-01T13:24:00Z;62.42;62.43;62.44;62.42;8100;
a9eb4238-eba9-488c-b102-b6140fd08e38;2019-11-01T13:25:00Z;62.43;62.41;62.43;62.41;6840;
a9eb4238-eba9-488c-b102-b6140fd08e38;2019-11-01T13:26:00Z;62.42;62.43;62.43;62.41;12036;
a9eb4238-eba9-488c-b102-b6140fd08e38;2019-11-01T13:27:00Z;62.43;62.42;62.43;62.4;1080;
a9eb4238-eba9-488c-b102-b6140fd08e38;2019-11-01T13:28:00Z;62.4;62.33;62.4;62.32;22224;
a9eb4238-eba9-488c-b102-b6140fd08e38;2019-11-01T13:29:00Z;62.37;62.4;62.4;62.37;10260;
a9eb4238-eba9-488c-b102-b6140fd08e38;2019-11-01T13:30:00Z;62.4;62.48;62.49;62.29;2689708;
a9eb4238-eba9-488c-b102-b6140fd08e38;2019-11-01T13:31:00Z;62.48;62.61;62.72;62.46;1696744;
a9eb4238-eba9-488c-b102-b6140fd08e38;2019-11-01T13:32:00Z;62.61;62.51;62.61;62.49;119864;
a9eb4238-eba9-488c-b102-b6140fd08e38;2019-11-01T13:33:00Z;62.51;62.59;62.62;62.5;134436;
a9eb4238-eba9-488c-b102-b6140fd08e38;2019-11-01T13:34:00Z;62.59;62.68;62.71;62.58;169256;
a9eb4238-eba9-488c-b102-b6140fd08e38;2019-11-01T13:35:00Z;62.68;62.65;62.72;62.64;106784;
a9eb4238-eba9-488c-b102-b6140fd08e38;2019-11-01T13:36:00Z;62.65;62.55;62.65;62.43;201000;
a9eb4238-eba9-488c-b102-b6140fd08e38;2019-11-01T13:37:00Z;62.55;62.63;62.64;62.5;107480;
a9eb4238-eba9-488c-b102-b6140fd08e38;2019-11-01T13:38:00Z;62.63;62.65;62.66;62.62;83216;
a9eb4238-eba9-488c-b102-b6140fd08e38;2019-11-01T13:39:00Z;62.66;62.65;62.72;62.65;148260;
a9eb4238-eba9-488c-b102-b6140fd08e38;2019-11-01T13:40:00Z;62.65;62.57;62.67;62.57;138428;
a9eb4238-eba9-488c-b102-b6140fd08e38;2019-11-01T13:41:00Z;62.57;62.64;62.64;62.57;81468;
a9eb4238-eba9-488c-b102-b6140fd08e38;2019-11-01T13:42:00Z;62.64;62.64;62.66;62.61;68356;
a9eb4238-eba9-488c-b102-b6140fd08e38;2019-11-01T13:43:00Z;62.66;62.68;62.69;62.65;113656;
a9eb4238-eba9-488c-b102-b6140fd08e38;2019-11-01T13:44:00Z;62.69;62.73;62.74;62.68;135188;
a9eb4238-eba9-488c-b102-b6140fd08e38;2019-11-01T13:45:00Z;62.72;62.72;62.73;62.68;123916;
a9eb4238-eba9-488c-b102-b6140fd08e38;2019-11-01T13:46:00Z;62.72;62.75;62.78;62.72;656892;
a9eb4238-eba9-488c-b102-b6140fd08e38;2019-11-01T13:47:00Z;62.76;62.79;62.8;62.75;80116;
a9eb4238-eba9-488c-b102-b6140fd08e38;2019-11-01T13:48:00Z;62.79;62.78;62.82;62.77;144748;
a9eb4238-eba9-488c-b102-b6140fd08e38;2019-11-01T13:49:00Z;62.77;62.72;62.78;62.71;134244;
a9eb4238-eba9-488c-b102-b6140fd08e38;2019-11-01T13:50:00Z;62.72;62.77;62.77;62.72;72728;
a9eb4238-eba9-488c-b102-b6140fd08e38;2019-11-01T13:51:00Z;62.77;62.78;62.79;62.75;45744;
a9eb4238-eba9-488c-b102-b6140fd08e38;2019-11-01T13:52:00Z;62.78;62.8;62.8;62.77;37764;
a9eb4238-eba9-488c-b102-b6140fd08e38;2019-11-01T13:53:00Z;62.8;62.82;62.83;62.8;53924;
a9eb4238-eba9-488c-b102-b6140fd08e38;2019-11-01T13:54:00Z;62.82;62.85;62.86;62.82;99764;
a9eb4238-eba9-488c-b102-b6140fd08e38;2019-11-01T13:55:00Z;62.85;62.88;62.89;62.85;160004;
a9eb4238-eba9-488c-b102-b6140fd08e38;2019-11-01T13:56:00Z;62.89;62.94;62.94;62.87;185880;
a9eb4238-eba9-488c-b102-b6140fd08e38;2019-11-01T13:57:00Z;62.94;62.97;62.97;62.94;209696;
a9eb4238-eba9-488c-b102-b6140fd08e38;2019-11-01T13:58:00Z;62.97;62.91;62.99;62.89;129668;
a9eb4238-eba9-488c-b102-b6140fd08e38;2019-11-01T13:59:00Z;62.91;62.95;62.96;62.88;77468;
a9eb4238-eba9-488c-b102-b6140fd08e38;2019-11-01T14:00:00Z;62.94;62.93;62.94;62.82;313580;
a9eb4238-eba9-488c-b102-b6140fd08e38;2019-11-01T14:01:00Z;62.93;63;63;62.93;127088;
a9eb4238-eba9-488c-b102-b6140fd08e38;2019-11-01T14:02:00Z;62.99;63.04;63.08;62.99;322576;
a9eb4238-eba9-488c-b102-b6140fd08e38;2019-11-01T14:03:00Z;63.04;63.07;63.09;63.04;132544;
a9eb4238-eba9-488c-b102-b6140fd08e38;2019-11-01T14:04:00Z;63.07;63.03;63.08;63.02;132716;
a9eb4238-eba9-488c-b102-b6140fd08e38;2019-11-01T14:05:00Z;63.03;63.06;63.07;63.03;73616;
a9eb4238-eba9-488c-b102-b6140fd08e38;2019-11-01T14:06:00Z;63.06;63.11;63.11;63.05;138284;
a9eb4238-eba9-488c-b102-b6140fd08e38;2019-11-01T14:07:00Z;63.11;63.12;63.13;63.09;98488;
a9eb4238-eba9-488c-b102-b6140fd08e38;2019-11-01T14:08:00Z;63.12;63.13;63.15;63.12;129100;
a9eb4238-eba9-488c-b102-b6140fd08e38;2019-11-01T14:09:00Z;63.13;63.16;63.16;63.13;91576;
a9eb4238-eba9-488c-b102-b6140fd08e38;2019-11-01T14:10:00Z;63.16;63.14;63.17;63.14;61036;
a9eb4238-eba9-488c-b102-b6140fd08e38;2019-11-01T14:11:00Z;63.14;63.07;63.15;63.05;98284;
a9eb4238-eba9-488c-b102-b6140fd08e38;2019-11-01T14:12:00Z;63.07;63.11;63.11;63.06;57852;
a9eb4238-eba9-488c-b102-b6140fd08e38;2019-11-01T14:13:00Z;63.12;63.13;63.15;63.11;82644;
a9eb4238-eba9-488c-b102-b6140fd08e38;2019-11-01T14:14:00Z;63.13;63.12;63.14;63.1;89492;
a9eb4238-eba9-488c-b102-b6140fd08e38;2019-11-01T14:15:00Z;63.12;63.07;63.16;63.05;100540;
a9eb4238-eba9-488c-b102-b6140fd08e38;2019-11-01T14:16:00Z;63.07;63.14;63.14;63.07;52936;
a9eb4238-eba9-488c-b102-b6140fd08e38;2019-11-01T14:17:00Z;63.14;63.1;63.15;63.1;54692;
a9eb4238-eba9-488c-b102-b6140fd08e38;2019-11-01T14:18:00Z;63.1;63.11;63.13;63.09;45816;
a9eb4238-eba9-488c-b102-b6140fd08e38;2019-11-01T14:19:00Z;63.11;63.19;63.2;63.11;122108;
a9eb4238-eba9-488c-b102-b6140fd08e38;2019-11-01T14:20:00Z;63.18;63.17;63.21;63.16;65668;
a9eb4238-eba9-488c-b102-b6140fd08e38;2019-11-01T14:21:00Z;63.17;63.16;63.17;63.12;52624;
a9eb4238-eba9-488c-b102-b6140fd08e38;2019-11-01T14:22:00Z;63.16;63.23;63.23;63.16;70736;
a9eb4238-eba9-488c-b102-b6140fd08e38;2019-11-01T14:23:00Z;63.23;63.24;63.25;63.23;114088;
a9eb4238-eba9-488c-b102-b6140fd08e38;2019-11-01T14:24:00Z;63.23;63.24;63.26;63.23;306048;
a9eb4238-eba9-488c-b102-b6140fd08e38;2019-11-01T14:25:00Z;63.24;63.26;63.29;63.24;108524;
a9eb4238-eba9-488c-b102-b6140fd08e38;2019-11-01T14:26:00Z;63.27;63.31;63.31;63.27;95108;
a9eb4238-eba9-488c-b102-b6140fd08e38;2019-11-01T14:27:00Z;63.31;63.28;63.32;63.28;87340;
a9eb4238-eba9-488c-b102-b6140fd08e38;2019-11-01T14:28:00Z;63.28;63.29;63.31;63.23;118748;
a9eb4238-eba9-488c-b102-b6140fd08e38;2019-11-01T14:29:00Z;63.29;63.35;63.35;63.28;98576;
a9eb4238-eba9-488c-b102-b6140fd08e38;2019-11-01T14:30:00Z;63.35;63.4;63.4;63.34;346924;
a9eb4238-eba9-488c-b102-b6140fd08e38;2019-11-01T14:31:00Z;63.4;63.38;63.43;63.36;119384;
a9eb4238-eba9-488c-b102-b6140fd08e38;2019-11-01T14:32:00Z;63.37;63.36;63.38;63.32;156804;
a9eb4238-eba9-488c-b102-b6140fd08e38;2019-11-01T14:33:00Z;63.36;63.29;63.37;63.28;98344;
a9eb4238-eba9-488c-b102-b6140fd08e38;2019-11-01T14:34:00Z;63.28;63.26;63.29;63.2;199204;
a9eb4238-eba9-488c-b102-b6140fd08e38;2019-11-01T14:35:00Z;63.26;63.24;63.3;63.24;139344;
a9eb4238-eba9-488c-b102-b6140fd08e38;2019-11-01T14:36:00Z;63.24;63.21;63.24;63.18;108468;
a9eb4238-eba9-488c-b102-b6140fd08e38;2019-11-01T14:37:00Z;63.21;63.29;63.29;63.19;90820;
a9eb4238-eba9-488c-b102-b6140fd08e38;2019-11-01T14:38:00Z;63.29;63.29;63.31;63.26;61912;
a9eb4238-eba9-488c-b102-b6140fd08e38;2019-11-01T14:39:00Z;63.3;63.26;63.31;63.25;87224;
a9eb4238-eba9-488c-b102-b6140fd08e38;2019-11-01T14:40:00Z;63.26;63.27;63.29;63.23;40124;
a9eb4238-eba9-488c-b102-b6140fd08e38;2019-11-01T14:41:00Z;63.27;63.27;63.28;63.26;26212;
a9eb4238-eba9-488c-b102-b6140fd08e38;2019-11-01T14:42:00Z;63.27;63.29;63.33;63.27;63912;
a9eb4238-eba9-488c-b102-b6140fd08e38;2019-11-01T14:43:00Z;63.29;63.3;63.32;63.28;28552;
a9eb4238-eba9-488c-b102-b6140fd08e38;2019-11-01T14:44:00Z;63.34;63.31;63.35;63.3;57388;
a9eb4238-eba9-488c-b102-b6140fd08e38;2019-11-01T14:45:00Z;63.3;63.34;63.34;63.3;47988;
a9eb4238-eba9-488c-b102-b6140fd08e38;2019-11-01T14:46:00Z;63.36;63.37;63.38;63.29;97392;
a9eb4238-eba9-488c-b102-b6140fd08e38;2019-11-01T14:47:00Z;63.29;63.3;63.31;63.27;38864;
a9eb4238-eba9-488c-b102-b6140fd08e38;2019-11-01T14:48:00Z;63.29;63.31;63.32;63.27;57072;
a9eb4238-eba9-488c-b102-b6140fd08e38;2019-11-01T14:49:00Z;63.3;63.31;63.33;63.29;40772;
a9eb4238-eba9-488c-b102-b6140fd08e38;2019-11-01T14:50:00Z;63.32;63.32;63.34;63.29;72472;
a9eb4238-eba9-488c-b102-b6140fd08e38;2019-11-01T14:51:00Z;63.3;63.3;63.31;63.29;27436;
a9eb4238-eba9-488c-b102-b6140fd08e38;2019-11-01T14:52:00Z;63.31;63.3;63.31;63.26;43088;
a9eb4238-eba9-488c-b102-b6140fd08e38;2019-11-01T14:53:00Z;63.3;63.31;63.31;63.28;34892;
a9eb4238-eba9-488c-b102-b6140fd08e38;2019-11-01T14:54:00Z;63.31;63.32;63.32;63.3;28996;
a9eb4238-eba9-488c-b102-b6140fd08e38;2019-11-01T14:55:00Z;63.32;63.31;63.33;63.31;50896;
a9eb4238-eba9-488c-b102-b6140fd08e38;2019-11-01T14:56:00Z;63.32;63.26;63.32;63.26;60500;
a9eb4238-eba9-488c-b102-b6140fd08e38;2019-11-01T14:57:00Z;63.26;63.28;63.29;63.26;37292;
a9eb4238-eba9-488c-b102-b6140fd08e38;2019-11-01T14:58:00Z;63.28;63.32;63.33;63.27;58420;
a9eb4238-eba9-488c-b102-b6140fd08e38;2019-11-01T14:59:00Z;63.32;63.33;63.33;63.31;51148;
a9eb4238-eba9-488c-b102-b6140fd08e38;2019-11-01T15:00:00Z;63.34;63.34;63.36;63.31;69320;
a9eb4238-eba9-488c-b102-b6140fd08e38;2019-11-01T15:01:00Z;63.34;63.32;63.36;63.32;45744;
a9eb4238-eba9-488c-b102-b6140fd08e38;2019-11-01T15:02:00Z;63.32;63.27;63.32;63.25;117780;
a9eb4238-eba9-488c-b102-b6140fd08e38;2019-11-01T15:03:00Z;63.28;63.32;63.32;63.27;43368;
a9eb4238-eba9-488c-b102-b6140fd08e38;2019-11-01T15:04:00Z;63.32;63.28;63.32;63.25;90008;
a9eb4238-eba9-488c-b102-b6140fd08e38;2019-11-01T15:05:00Z;63.28;63.3;63.31;63.27;24976;
a9eb4238-eba9-488c-b102-b6140fd08e38;2019-11-01T15:06:00Z;63.3;63.3;63.31;63.29;30288;
a9eb4238-eba9-488c-b102-b6140fd08e38;2019-11-01T15:07:00Z;63.3;63.33;63.34;63.3;64804;
a9eb4238-eba9-488c-b102-b6140fd08e38;2019-11-01T15:08:00Z;63.33;63.34;63.36;63.33;74756;
a9eb4238-eba9-488c-b102-b6140fd08e38;2019-11-01T15:09:00Z;63.34;63.36;63.37;63.34;68840;
a9eb4238-eba9-488c-b102-b6140fd08e38;2019-11-01T15:10:00Z;63.36;63.36;63.37;63.34;66144;
a9eb4238-eba9-488c-b102-b6140fd08e38;2019-11-01T15:11:00Z;63.36;63.36;63.37;63.35;41180;
a9eb4238-eba9-488c-b102-b6140fd08e38;2019-11-01T15:12:00Z;63.35;63.36;63.37;63.33;48544;
a9eb4238-eba9-488c-b102-b6140fd08e38;2019-11-01T15:13:00Z;63.36;63.37;63.37;63.35;22072;
a9eb4238-eba9-488c-b102-b6140fd08e38;2019-11-01T15:14:00Z;63.37;63.39;63.39;63.37;139344;
a9eb4238-eba9-488c-b102-b6140fd08e38;2019-11-01T15:15:00Z;63.39;63.4;63.41;63.38;76288;
a9eb4238-eba9-488c-b102-b6140fd08e38;2019-11-01T15:16:00Z;63.4;63.41;63.41;63.39;42924;
a9eb4238-eba9-488c-b102-b6140fd08e38;2019-11-01T15:17:00Z;63.41;63.42;63.42;63.39;67004;
a9eb4238-eba9-488c-b102-b6140fd08e38;2019-11-01T15:18:00Z;63.42;63.4;63.42;63.38;80644;
a9eb4238-eba9-488c-b102-b6140fd08e38;2019-11-01T15:19:00Z;63.4;63.4;63.41;63.4;30172;
a9eb4238-eba9-488c-b102-b6140fd08e38;2019-11-01T15:20:00Z;63.4;63.35;63.4;63.35;62072;
a9eb4238-eba9-488c-b102-b6140fd08e38;2019-11-01T15:21:00Z;63.36;63.37;63.38;63.36;44756;
a9eb4238-eba9-488c-b102-b6140fd08e38;2019-11-01T15:22:00Z;63.37;63.36;63.38;63.36;51304;
a9eb4238-eba9-488c-b102-b6140fd08e38;2019-11-01T15:23:00Z;63.36;63.32;63.36;63.32;57928;
a9eb4238-eba9-488c-b102-b6140fd08e38;2019-11-01T15:24:00Z;63.32;63.34;63.36;63.31;60348;
a9eb4238-eba9-488c-b102-b6140fd08e38;2019-11-01T15:25:00Z;63.34;63.33;63.34;63.32;22528;
a9eb4238-eba9-488c-b102-b6140fd08e38;2019-11-01T15:26:00Z;63.32;63.31;63.34;63.31;48324;
a9eb4238-eba9-488c-b102-b6140fd08e38;2019-11-01T15:27:00Z;63.31;63.3;63.31;63.29;88312;
a9eb4238-eba9-488c-b102-b6140fd08e38;2019-11-01T15:28:00Z;63.3;63.31;63.33;63.29;39580;
a9eb4238-eba9-488c-b102-b6140fd08e38;2019-11-01T15:29:00Z;63.31;63.33;63.34;63.31;20472;
a9eb4238-eba9-488c-b102-b6140fd08e38;2019-11-01T15:30:00Z;63.33;63.32;63.33;63.32;16976;
a9eb4238-eba9-488c-b102-b6140fd08e38;2019-11-01T15:31:00Z;63.33;63.31;63.34;63.31;35424;
a9eb4238-eba9-488c-b102-b6140fd08e38;2019-11-01T15:32:00Z;63.31;63.3;63.31;63.28;70768;
a9eb4238-eba9-488c-b102-b6140fd08e38;2019-11-01T15:33:00Z;63.3;63.32;63.33;63.3;32504;
a9eb4238-eba9-488c-b102-b6140fd08e38;2019-11-01T15:34:00Z;63.32;63.32;63.32;63.3;42672;
a9eb4238-eba9-488c-b102-b6140fd08e38;2019-11-01T15:35:00Z;63.32;63.34;63.34;63.32;32732;
a9eb4238-eba9-488c-b102-b6140fd08e38;2019-11-01T15:36:00Z;63.34;63.35;63.36;63.33;60036;
a9eb4238-eba9-488c-b102-b6140fd08e38;2019-11-01T15:37:00Z;63.35;63.33;63.36;63.33;54092;
a9eb4238-eba9-488c-b102-b6140fd08e38;2019-11-01T15:38:00Z;63.34;63.34;63.36;63.34;30516;
a9eb4238-eba9-488c-b102-b6140fd08e38;2019-11-01T15:39:00Z;63.34;63.36;63.36;63.33;26752;
a9eb4238-eba9-488c-b102-b6140fd08e38;2019-11-01T15:40:00Z;63.36;63.36;63.36;63.35;19320;
a9eb4238-eba9-488c-b102-b6140fd08e38;2019-11-01T15:41:00Z;63.36;63.37;63.38;63.35;81852;
a9eb4238-eba9-488c-b102-b6140fd08e38;2019-11-01T15:42:00Z;63.37;63.38;63.38;63.36;47708;
a9eb4238-eba9-488c-b102-b6140fd08e38;2019-11-01T15:43:00Z;63.38;63.36;63.38;63.36;47356;
a9eb4238-eba9-488c-b102-b6140fd08e38;2019-11-01T15:44:00Z;63.37;63.37;63.38;63.36;36888;
a9eb4238-eba9-488c-b102-b6140fd08e38;2019-11-01T15:45:00Z;63.36;63.37;63.38;63.35;47900;
a9eb4238-eba9-488c-b102-b6140fd08e38;2019-11-01T15:46:00Z;63.36;63.4;63.4;63.36;64420;
a9eb4238-eba9-488c-b102-b6140fd08e38;2019-11-01T15:47:00Z;63.4;63.39;63.4;63.36;45228;
a9eb4238-eba9-488c-b102-b6140fd08e38;2019-11-01T15:48:00Z;63.39;63.39;63.4;63.39;30384;
a9eb4238-eba9-488c-b102-b6140fd08e38;2019-11-01T15:49:00Z;63.4;63.42;63.42;63.39;57824;
a9eb4238-eba9-488c-b102-b6140fd08e38;2019-11-01T15:50:00Z;63.42;63.43;63.45;63.42;90364;
a9eb4238-eba9-488c-b102-b6140fd08e38;2019-11-01T15:51:00Z;63.43;63.44;63.45;63.43;35388;
a9eb4238-eba9-488c-b102-b6140fd08e38;2019-11-01T15:52:00Z;63.44;63.43;63.45;63.43;77992;
a9eb4238-eba9-488c-b102-b6140fd08e38;2019-11-01T15:53:00Z;63.43;63.39;63.43;63.38;42252;
a9eb4238-eba9-488c-b102-b6140fd08e38;2019-11-01T15:54:00Z;63.38;63.36;63.38;63.36;48880;
a9eb4238-eba9-488c-b102-b6140fd08e38;2019-11-01T15:55:00Z;63.37;63.37;63.37;63.35;40060;
a9eb4238-eba9-488c-b102-b6140fd08e38;2019-11-01T15:56:00Z;63.37;63.36;63.37;63.35;18924;
a9eb4238-eba9-488c-b102-b6140fd08e38;2019-11-01T15:57:00Z;63.37;63.34;63.37;63.34;61592;
a9eb4238-eba9-488c-b102-b6140fd08e38;2019-11-01T15:58:00Z;63.34;63.32;63.34;63.31;70372;
a9eb4238-eba9-488c-b102-b6140fd08e38;2019-11-01T15:59:00Z;63.32;63.31;63.33;63.3;60156;
a9eb4238-eba9-488c-b102-b6140fd08e38;2019-11-01T16:00:00Z;63.31;63.28;63.33;63.28;65080;
a9eb4238-eba9-488c-b102-b6140fd08e38;2019-11-01T16:01:00Z;63.29;63.28;63.3;63.28;49532;
a9eb4238-eba9-488c-b102-b6140fd08e38;2019-11-01T16:02:00Z;63.28;63.23;63.28;63.22;126780;
a9eb4238-eba9-488c-b102-b6140fd08e38;2019-11-01T16:03:00Z;63.23;63.26;63.26;63.22;66116;
a9eb4238-eba9-488c-b102-b6140fd08e38;2019-11-01T16:04:00Z;63.26;63.27;63.29;63.26;65656;
a9eb4238-eba9-488c-b102-b6140fd08e38;2019-11-01T16:05:00Z;63.27;63.28;63.29;63.26;52524;
a9eb4238-eba9-488c-b102-b6140fd08e38;2019-11-01T16:06:00Z;63.28;63.29;63.31;63.27;49324;
a9eb4238-eba9-488c-b102-b6140fd08e38;2019-11-01T16:07:00Z;63.29;63.32;63.32;63.29;40456;
a9eb4238-eba9-488c-b102-b6140fd08e38;2019-11-01T16:08:00Z;63.32;63.29;63.32;63.28;95304;
a9eb4238-eba9-488c-b102-b6140fd08e38;2019-11-01T16:09:00Z;63.29;63.27;63.29;63.26;54200;
a9eb4238-eba9-488c-b102-b6140fd08e38;2019-11-01T16:10:00Z;63.27;63.26;63.28;63.25;61200;
a9eb4238-eba9-488c-b102-b6140fd08e38;2019-11-01T16:11:00Z;63.26;63.25;63.26;63.2;119892;
a9eb4238-eba9-488c-b102-b6140fd08e38;2019-11-01T16:12:00Z;63.25;63.24;63.26;63.23;35404;
a9eb4238-eba9-488c-b102-b6140fd08e38;2019-11-01T16:13:00Z;63.24;63.25;63.26;63.22;32992;
a9eb4238-eba9-488c-b102-b6140fd08e38;2019-11-01T16:14:00Z;63.26;63.25;63.27;63.25;43620;
a9eb4238-eba9-488c-b102-b6140fd08e38;2019-11-01T16:15:00Z;63.25;63.21;63.25;63.21;40220;
a9eb4238-eba9-488c-b102-b6140fd08e38;2019-11-01T16:16:00Z;63.22;63.19;63.23;63.18;82320;
a9eb4238-eba9-488c-b102-b6140fd08e38;2019-11-01T16:17:00Z;63.2;63.18;63.23;63.16;61688;
a9eb4238-eba9-488c-b102-b6140fd08e38;2019-11-01T16:18:00Z;63.22;63.22;63.22;63.17;41792;
a9eb4238-eba9-488c-b102-b6140fd08e38;2019-11-01T16:19:00Z;63.22;63.22;63.23;63.21;28772;
a9eb4238-eba9-488c-b102-b6140fd08e38;2019-11-01T16:20:00Z;63.22;63.25;63.25;63.22;40024;
a9eb4238-eba9-488c-b102-b6140fd08e38;2019-11-01T16:21:00Z;63.25;63.28;63.28;63.24;51704;
a9eb4238-eba9-488c-b102-b6140fd08e38;2019-11-01T16:22:00Z;63.28;63.27;63.29;63.26;22036;
a9eb4238-eba9-488c-b102-b6140fd08e38;2019-11-01T16:23:00Z;63.27;63.27;63.28;63.25;45920;
a9eb4238-eba9-488c-b102-b6140fd08e38;2019-11-01T16:24:00Z;63.27;63.24;63.28;63.24;23576;
a9eb4238-eba9-488c-b102-b6140fd08e38;2019-11-01T16:25:00Z;63.25;63.23;63.25;63.22;48980;
a9eb4238-eba9-488c-b102-b6140fd08e38;2019-11-01T16:26:00Z;63.23;63.22;63.24;63.22;33052;
a9eb4238-eba9-488c-b102-b6140fd08e38;2019-11-01T16:27:00Z;63.22;63.24;63.27;63.22;41196;
a9eb4238-eba9-488c-b102-b6140fd08e38;2019-11-01T16:28:00Z;63.24;63.25;63.25;63.23;24520;
a9eb4238-eba9-488c-b102-b6140fd08e38;2019-11-01T16:29:00Z;63.25;63.26;63.27;63.24;43804;
a9eb4238-eba9-488c-b102-b6140fd08e38;2019-11-01T16:30:00Z;63.26;63.26;63.27;63.25;27096;
a9eb4238-eba9-488c-b102-b6140fd08e38;2019-11-01T16:31:00Z;63.26;63.27;63.27;63.26;15772;
a9eb4238-eba9-488c-b102-b6140fd08e38;2019-11-01T16:32:00Z;63.26;63.26;63.27;63.24;24512;
a9eb4238-eba9-488c-b102-b6140fd08e38;2019-11-01T16:33:00Z;63.26;63.26;63.27;63.26;17772;
a9eb4238-eba9-488c-b102-b6140fd08e38;2019-11-01T16:34:00Z;63.26;63.26;63.27;63.25;28248;
a9eb4238-eba9-488c-b102-b6140fd08e38;2019-11-01T16:35:00Z;63.26;63.24;63.26;63.23;52092;
a9eb4238-eba9-488c-b102-b6140fd08e38;2019-11-01T16:36:00Z;63.24;63.24;63.25;63.23;17988;
a9eb4238-eba9-488c-b102-b6140fd08e38;2019-11-01T16:37:00Z;63.24;63.22;63.25;63.22;29240;
a9eb4238-eba9-488c-b102-b6140fd08e38;2019-11-01T16:38:00Z;63.22;63.23;63.24;63.2;45416;
a9eb4238-eba9-488c-b102-b6140fd08e38;2019-11-01T16:39:00Z;63.24;63.21;63.25;63.2;69924;
a9eb4238-eba9-488c-b102-b6140fd08e38;2019-11-01T16:40:00Z;63.21;63.2;63.23;63.2;47640;
a9eb4238-eba9-488c-b102-b6140fd08e38;2019-11-01T16:41:00Z;63.19;63.18;63.2;63.18;20384;
a9eb4238-eba9-488c-b102-b6140fd08e38;2019-11-01T16:42:00Z;63.18;63.19;63.19;63.17;26192;
a9eb4238-eba9-488c-b102-b6140fd08e38;2019-11-01T16:43:00Z;63.19;63.2;63.21;63.19;24872;
a9eb4238-eba9-488c-b102-b6140fd08e38;2019-11-01T16:44:00Z;63.21;63.22;63.23;63.21;31644;
a9eb4238-eba9-488c-b102-b6140fd08e38;2019-11-01T16:45:00Z;63.22;63.26;63.27;63.22;57304;
a9eb4238-eba9-488c-b102-b6140fd08e38;2019-11-01T16:46:00Z;63.26;63.24;63.26;63.24;29512;
a9eb4238-eba9-488c-b102-b6140fd08e38;2019-11-01T16:47:00Z;63.24;63.22;63.24;63.22;15528;
a9eb4238-eba9-488c-b102-b6140fd08e38;2019-11-01T16:48:00Z;63.22;63.2;63.22;63.19;17792;
a9eb4238-eba9-488c-b102-b6140fd08e38;2019-11-01T16:49:00Z;63.2;63.22;63.23;63.19;20244;
a9eb4238-eba9-488c-b102-b6140fd08e38;2019-11-01T16:50:00Z;63.21;63.24;63.24;63.21;15784;
a9eb4238-eba9-488c-b102-b6140fd08e38;2019-11-01T16:51:00Z;63.24;63.22;63.25;63.22;25972;
a9eb4238-eba9-488c-b102-b6140fd08e38;2019-11-01T16:52:00Z;63.22;63.21;63.22;63.19;20564;
a9eb4238-eba9-488c-b102-b6140fd08e38;2019-11-01T16:53:00Z;63.2;63.2;63.21;63.2;17388;
a9eb4238-eba9-488c-b102-b6140fd08e38;2019-11-01T16:54:00Z;63.2;63.2;63.21;63.2;29808;
a9eb4238-eba9-488c-b102-b6140fd08e38;2019-11-01T16:55:00Z;63.2;63.19;63.21;63.19;46536;
a9eb4238-eba9-488c-b102-b6140fd08e38;2019-11-01T16:56:00Z;63.19;63.19;63.19;63.18;24772;
a9eb4238-eba9-488c-b102-b6140fd08e38;2019-11-01T16:57:00Z;63.19;63.16;63.19;63.16;39900;
a9eb4238-eba9-488c-b102-b6140fd08e38;2019-11-01T16:58:00Z;63.16;63.15;63.17;63.14;37092;
a9eb4238-eba9-488c-b102-b6140fd08e38;2019-11-01T16:59:00Z;63.15;63.14;63.16;63.11;107856;
a9eb4238-eba9-488c-b102-b6140fd08e38;2019-11-01T17:00:00Z;63.14;63.13;63.14;63.11;38224;
a9eb4238-eba9-488c-b102-b6140fd08e38;2019-11-01T17:01:00Z;63.14;63.2;63.21;63.14;75580;
a9eb4238-eba9-488c-b102-b6140fd08e38;2019-11-01T17:02:00Z;63.2;63.21;63.21;63.19;57220;
a9eb4238-eba9-488c-b102-b6140fd08e38;2019-11-01T17:03:00Z;63.2;63.22;63.22;63.2;48224;
a9eb4238-eba9-488c-b102-b6140fd08e38;2019-11-01T17:04:00Z;63.22;63.25;63.25;63.22;39492;
a9eb4238-eba9-488c-b102-b6140fd08e38;2019-11-01T17:05:00Z;63.25;63.25;63.25;63.22;58444;
a9eb4238-eba9-488c-b102-b6140fd08e38;2019-11-01T17:06:00Z;63.25;63.25;63.25;63.24;45868;
a9eb4238-eba9-488c-b102-b6140fd08e38;2019-11-01T17:07:00Z;63.25;63.23;63.25;63.23;26132;
a9eb4238-eba9-488c-b102-b6140fd08e38;2019-11-01T17:08:00Z;63.23;63.25;63.25;63.22;20460;
a9eb4238-eba9-488c-b102-b6140fd08e38;2019-11-01T17:09:00Z;63.25;63.26;63.29;63.25;55416;
a9eb4238-eba9-488c-b102-b6140fd08e38;2019-11-01T17:10:00Z;63.26;63.26;63.26;63.24;17116;
a9eb4238-eba9-488c-b102-b6140fd08e38;2019-11-01T17:11:00Z;63.26;63.25;63.26;63.24;23132;
a9eb4238-eba9-488c-b102-b6140fd08e38;2019-11-01T17:12:00Z;63.26;63.28;63.28;63.24;26732;
a9eb4238-eba9-488c-b102-b6140fd08e38;2019-11-01T17:13:00Z;63.28;63.32;63.33;63.28;76988;
a9eb4238-eba9-488c-b102-b6140fd08e38;2019-11-01T17:14:00Z;63.32;63.31;63.33;63.31;29608;
a9eb4238-eba9-488c-b102-b6140fd08e38;2019-11-01T17:15:00Z;63.31;63.31;63.32;63.3;18944;
a9eb4238-eba9-488c-b102-b6140fd08e38;2019-11-01T17:16:00Z;63.31;63.33;63.34;63.3;40124;
a9eb4238-eba9-488c-b102-b6140fd08e38;2019-11-01T17:17:00Z;63.33;63.35;63.35;63.33;35424;
a9eb4238-eba9-488c-b102-b6140fd08e38;2019-11-01T17:18:00Z;63.35;63.35;63.37;63.34;72184;
a9eb4238-eba9-488c-b102-b6140fd08e38;2019-11-01T17:19:00Z;63.35;63.35;63.35;63.34;20848;
a9eb4238-eba9-488c-b102-b6140fd08e38;2019-11-01T17:20:00Z;63.35;63.37;63.37;63.35;34732;
a9eb4238-eba9-488c-b102-b6140fd08e38;2019-11-01T17:21:00Z;63.37;63.38;63.39;63.37;114212;
a9eb4238-eba9-488c-b102-b6140fd08e38;2019-11-01T17:22:00Z;63.38;63.35;63.38;63.35;28716;
a9eb4238-eba9-488c-b102-b6140fd08e38;2019-11-01T17:23:00Z;63.35;63.37;63.37;63.34;24584;
a9eb4238-eba9-488c-b102-b6140fd08e38;2019-11-01T17:24:00Z;63.37;63.38;63.38;63.37;27516;
a9eb4238-eba9-488c-b102-b6140fd08e38;2019-11-01T17:25:00Z;63.38;63.39;63.4;63.38;41680;
a9eb4238-eba9-488c-b102-b6140fd08e38;2019-11-01T17:26:00Z;63.39;63.4;63.4;63.39;37232;
a9eb4238-eba9-488c-b102-b6140fd08e38;2019-11-01T17:27:00Z;63.4;63.4;63.4;63.38;18356;
a9eb4238-eba9-488c-b102-b6140fd08e38;2019-11-01T17:28:00Z;63.4;63.38;63.4;63.35;89060;
a9eb4238-eba9-488c-b102-b6140fd08e38;2019-11-01T17:29:00Z;63.38;63.36;63.39;63.36;43268;
a9eb4238-eba9-488c-b102-b6140fd08e38;2019-11-01T17:30:00Z;63.36;63.39;63.4;63.36;33484;
a9eb4238-eba9-488c-b102-b6140fd08e38;2019-11-01T17:31:00Z;63.4;63.38;63.4;63.38;22332;
a9eb4238-eba9-488c-b102-b6140fd08e38;2019-11-01T17:32:00Z;63.38;63.35;63.39;63.34;34960;
a9eb4238-eba9-488c-b102-b6140fd08e38;2019-11-01T17:33:00Z;63.35;63.35;63.35;63.33;26588;
a9eb4238-eba9-488c-b102-b6140fd08e38;2019-11-01T17:34:00Z;63.34;63.36;63.36;63.34;36028;
a9eb4238-eba9-488c-b102-b6140fd08e38;2019-11-01T17:35:00Z;63.36;63.37;63.38;63.34;47452;
a9eb4238-eba9-488c-b102-b6140fd08e38;2019-11-01T17:36:00Z;63.38;63.39;63.39;63.37;21424;
a9eb4238-eba9-488c-b102-b6140fd08e38;2019-11-01T17:37:00Z;63.39;63.36;63.39;63.36;26780;
a9eb4238-eba9-488c-b102-b6140fd08e38;2019-11-01T17:38:00Z;63.38;63.39;63.39;63.37;31244;
a9eb4238-eba9-488c-b102-b6140fd08e38;2019-11-01T17:39:00Z;63.39;63.4;63.4;63.38;49700;
a9eb4238-eba9-488c-b102-b6140fd08e38;2019-11-01T17:40:00Z;63.4;63.4;63.43;63.4;58312;
a9eb4238-eba9-488c-b102-b6140fd08e38;2019-11-01T17:41:00Z;63.41;63.39;63.41;63.39;15744;
a9eb4238-eba9-488c-b102-b6140fd08e38;2019-11-01T17:42:00Z;63.4;63.39;63.4;63.38;15116;
a9eb4238-eba9-488c-b102-b6140fd08e38;2019-11-01T17:43:00Z;63.39;63.41;63.41;63.39;29812;
a9eb4238-eba9-488c-b102-b6140fd08e38;2019-11-01T17:44:00Z;63.41;63.44;63.44;63.41;47912;
a9eb4238-eba9-488c-b102-b6140fd08e38;2019-11-01T17:45:00Z;63.44;63.42;63.45;63.42;74068;
a9eb4238-eba9-488c-b102-b6140fd08e38;2019-11-01T17:46:00Z;63.42;63.43;63.44;63.41;14916;
a9eb4238-eba9-488c-b102-b6140fd08e38;2019-11-01T17:47:00Z;63.43;63.46;63.46;63.42;40564;
a9eb4238-eba9-488c-b102-b6140fd08e38;2019-11-01T17:48:00Z;63.46;63.45;63.46;63.42;34976;
a9eb4238-eba9-488c-b102-b6140fd08e38;2019-11-01T17:49:00Z;63.44;63.42;63.44;63.41;38172;
a9eb4238-eba9-488c-b102-b6140fd08e38;2019-11-01T17:50:00Z;63.42;63.42;63.43;63.4;64784;
a9eb4238-eba9-488c-b102-b6140fd08e38;2019-11-01T17:51:00Z;63.42;63.41;63.42;63.4;35428;
a9eb4238-eba9-488c-b102-b6140fd08e38;2019-11-01T17:52:00Z;63.42;63.41;63.42;63.39;32868;
a9eb4238-eba9-488c-b102-b6140fd08e38;2019-11-01T17:53:00Z;63.41;63.39;63.41;63.39;24500;
a9eb4238-eba9-488c-b102-b6140fd08e38;2019-11-01T17:54:00Z;63.39;63.41;63.42;63.39;21592;
a9eb4238-eba9-488c-b102-b6140fd08e38;2019-11-01T17:55:00Z;63.41;63.4;63.42;63.4;37404;
a9eb4238-eba9-488c-b102-b6140fd08e38;2019-11-01T17:56:00Z;63.4;63.38;63.4;63.38;19392;
a9eb4238-eba9-488c-b102-b6140fd08e38;2019-11-01T17:57:00Z;63.38;63.39;63.39;63.38;20800;
a9eb4238-eba9-488c-b102-b6140fd08e38;2019-11-01T17:58:00Z;63.39;63.4;63.41;63.39;13136;
a9eb4238-eba9-488c-b102-b6140fd08e38;2019-11-01T17:59:00Z;63.41;63.41;63.41;63.4;15108;
a9eb4238-eba9-488c-b102-b6140fd08e38;2019-11-01T18:00:00Z;63.41;63.4;63.41;63.39;36408;
a9eb4238-eba9-488c-b102-b6140fd08e38;2019-11-01T18:01:00Z;63.4;63.38;63.4;63.38;30148;
a9eb4238-eba9-488c-b102-b6140fd08e38;2019-11-01T18:02:00Z;63.38;63.38;63.39;63.37;47864;
a9eb4238-eba9-488c-b102-b6140fd08e38;2019-11-01T18:03:00Z;63.38;63.34;63.38;63.34;59696;
a9eb4238-eba9-488c-b102-b6140fd08e38;2019-11-01T18:04:00Z;63.34;63.34;63.35;63.33;21220;
a9eb4238-eba9-488c-b102-b6140fd08e38;2019-11-01T18:05:00Z;63.34;63.35;63.36;63.34;24624;
a9eb4238-eba9-488c-b102-b6140fd08e38;2019-11-01T18:06:00Z;63.36;63.37;63.37;63.36;21540;
a9eb4238-eba9-488c-b102-b6140fd08e38;2019-11-01T18:07:00Z;63.37;63.37;63.37;63.36;23808;
a9eb4238-eba9-488c-b102-b6140fd08e38;2019-11-01T18:08:00Z;63.37;63.37;63.37;63.37;31012;
a9eb4238-eba9-488c-b102-b6140fd08e38;2019-11-01T18:09:00Z;63.37;63.36;63.37;63.35;21224;
a9eb4238-eba9-488c-b102-b6140fd08e38;2019-11-01T18:10:00Z;63.36;63.36;63.37;63.35;20948;
a9eb4238-eba9-488c-b102-b6140fd08e38;2019-11-01T18:11:00Z;63.36;63.37;63.38;63.36;25276;
a9eb4238-eba9-488c-b102-b6140fd08e38;2019-11-01T18:12:00Z;63.37;63.37;63.38;63.37;22476;
a9eb4238-eba9-488c-b102-b6140fd08e38;2019-11-01T18:13:00Z;63.36;63.36;63.36;63.35;26640;
a9eb4238-eba9-488c-b102-b6140fd08e38;2019-11-01T18:14:00Z;63.36;63.39;63.39;63.36;29492;
a9eb4238-eba9-488c-b102-b6140fd08e38;2019-11-01T18:15:00Z;63.39;63.38;63.4;63.38;22888;
a9eb4238-eba9-488c-b102-b6140fd08e38;2019-11-01T18:16:00Z;63.39;63.37;63.39;63.36;49256;
a9eb4238-eba9-488c-b102-b6140fd08e38;2019-11-01T18:17:00Z;63.37;63.37;63.37;63.35;19168;
a9eb4238-eba9-488c-b102-b6140fd08e38;2019-11-01T18:18:00Z;63.38;63.37;63.39;63.36;27100;
a9eb4238-eba9-488c-b102-b6140fd08e38;2019-11-01T18:19:00Z;63.37;63.36;63.37;63.35;19804;
a9eb4238-eba9-488c-b102-b6140fd08e38;2019-11-01T18:20:00Z;63.36;63.39;63.39;63.36;20996;
a9eb4238-eba9-488c-b102-b6140fd08e38;2019-11-01T18:21:00Z;63.39;63.41;63.41;63.39;27048;
a9eb4238-eba9-488c-b102-b6140fd08e38;2019-11-01T18:22:00Z;63.41;63.38;63.41;63.37;33940;
a9eb4238-eba9-488c-b102-b6140fd08e38;2019-11-01T18:23:00Z;63.38;63.37;63.38;63.37;31112;
a9eb4238-eba9-488c-b102-b6140fd08e38;2019-11-01T18:24:00Z;63.37;63.37;63.38;63.37;20184;
a9eb4238-eba9-488c-b102-b6140fd08e38;2019-11-01T18:25:00Z;63.38;63.41;63.41;63.38;16824;
a9eb4238-eba9-488c-b102-b6140fd08e38;2019-11-01T18:26:00Z;63.41;63.39;63.41;63.39;40116;
a9eb4238-eba9-488c-b102-b6140fd08e38;2019-11-01T18:27:00Z;63.39;63.41;63.42;63.39;60896;
a9eb4238-eba9-488c-b102-b6140fd08e38;2019-11-01T18:28:00Z;63.41;63.43;63.44;63.41;44920;
a9eb4238-eba9-488c-b102-b6140fd08e38;2019-11-01T18:29:00Z;63.43;63.45;63.46;63.42;31384;
a9eb4238-eba9-488c-b102-b6140fd08e38;2019-11-01T18:30:00Z;63.46;63.45;63.46;63.45;23948;
a9eb4238-eba9-488c-b102-b6140fd08e38;2019-11-01T18:31:00Z;63.45;63.46;63.46;63.45;26296;
a9eb4238-eba9-488c-b102-b6140fd08e38;2019-11-01T18:32:00Z;63.46;63.48;63.49;63.46;59568;
a9eb4238-eba9-488c-b102-b6140fd08e38;2019-11-01T18:33:00Z;63.48;63.46;63.48;63.46;28228;
a9eb4238-eba9-488c-b102-b6140fd08e38;2019-11-01T18:34:00Z;63.46;63.46;63.47;63.44;31108;
a9eb4238-eba9-488c-b102-b6140fd08e38;2019-11-01T18:35:00Z;63.47;63.47;63.47;63.46;15232;
a9eb4238-eba9-488c-b102-b6140fd08e38;2019-11-01T18:36:00Z;63.47;63.47;63.47;63.46;26184;
a9eb4238-eba9-488c-b102-b6140fd08e38;2019-11-01T18:37:00Z;63.47;63.48;63.48;63.47;32856;
a9eb4238-eba9-488c-b102-b6140fd08e38;2019-11-01T18:38:00Z;63.47;63.47;63.47;63.46;21072;
a9eb4238-eba9-488c-b102-b6140fd08e38;2019-11-01T18:39:00Z;63.48;63.49;63.49;63.48;38056;
a9eb4238-eba9-488c-b102-b6140fd08e38;2019-11-01T18:40:00Z;63.49;63.49;63.5;63.49;26652;
a9eb4238-eba9-488c-b102-b6140fd08e38;2019-11-01T18:41:00Z;63.5;63.48;63.5;63.48;44612;
a9eb4238-eba9-488c-b102-b6140fd08e38;2019-11-01T18:42:00Z;63.48;63.49;63.49;63.48;19380;
a9eb4238-eba9-488c-b102-b6140fd08e38;2019-11-01T18:43:00Z;63.49;63.49;63.5;63.49;66904;
a9eb4238-eba9-488c-b102-b6140fd08e38;2019-11-01T18:44:00Z;63.48;63.49;63.49;63.48;17472;
a9eb4238-eba9-488c-b102-b6140fd08e38;2019-11-01T18:45:00Z;63.49;63.46;63.49;63.45;58536;
a9eb4238-eba9-488c-b102-b6140fd08e38;2019-11-01T18:46:00Z;63.46;63.46;63.46;63.45;21248;
a9eb4238-eba9-488c-b102-b6140fd08e38;2019-11-01T18:47:00Z;63.46;63.48;63.49;63.46;23884;
a9eb4238-eba9-488c-b102-b6140fd08e38;2019-11-01T18:48:00Z;63.48;63.48;63.49;63.48;36956;
a9eb4238-eba9-488c-b102-b6140fd08e38;2019-11-01T18:49:00Z;63.48;63.48;63.49;63.46;53004;
a9eb4238-eba9-488c-b102-b6140fd08e38;2019-11-01T18:50:00Z;63.48;63.47;63.48;63.47;21184;
a9eb4238-eba9-488c-b102-b6140fd08e38;2019-11-01T18:51:00Z;63.48;63.48;63.49;63.48;25468;
a9eb4238-eba9-488c-b102-b6140fd08e38;2019-11-01T18:52:00Z;63.48;63.49;63.5;63.48;32160;
a9eb4238-eba9-488c-b102-b6140fd08e38;2019-11-01T18:53:00Z;63.49;63.5;63.51;63.48;263804;
a9eb4238-eba9-488c-b102-b6140fd08e38;2019-11-01T18:54:00Z;63.5;63.51;63.54;63.5;86288;
a9eb4238-eba9-488c-b102-b6140fd08e38;2019-11-01T18:55:00Z;63.51;63.54;63.55;63.49;47764;
a9eb4238-eba9-488c-b102-b6140fd08e38;2019-11-01T18:56:00Z;63.55;63.55;63.56;63.53;64384;
a9eb4238-eba9-488c-b102-b6140fd08e38;2019-11-01T18:57:00Z;63.56;63.57;63.58;63.54;79644;
a9eb4238-eba9-488c-b102-b6140fd08e38;2019-11-01T18:58:00Z;63.57;63.58;63.58;63.56;36400;
a9eb4238-eba9-488c-b102-b6140fd08e38;2019-11-01T18:59:00Z;63.58;63.59;63.6;63.54;35196;
a9eb4238-eba9-488c-b102-b6140fd08e38;2019-11-01T19:00:00Z;63.59;63.58;63.59;63.54;35588;
a9eb4238-eba9-488c-b102-b6140fd08e38;2019-11-01T19:01:00Z;63.58;63.57;63.6;63.56;58804;
a9eb4238-eba9-488c-b102-b6140fd08e38;2019-11-01T19:02:00Z;63.56;63.54;63.56;63.54;33460;
a9eb4238-eba9-488c-b102-b6140fd08e38;2019-11-01T19:03:00Z;63.54;63.55;63.55;63.54;33168;
a9eb4238-eba9-488c-b102-b6140fd08e38;2019-11-01T19:04:00Z;63.55;63.54;63.55;63.54;17092;
a9eb4238-eba9-488c-b102-b6140fd08e38;2019-11-01T19:05:00Z;63.54;63.55;63.55;63.54;23556;
a9eb4238-eba9-488c-b102-b6140fd08e38;2019-11-01T19:06:00Z;63.55;63.56;63.57;63.55;33836;
a9eb4238-eba9-488c-b102-b6140fd08e38;2019-11-01T19:07:00Z;63.56;63.59;63.6;63.56;64184;
a9eb4238-eba9-488c-b102-b6140fd08e38;2019-11-01T19:08:00Z;63.59;63.62;63.62;63.59;52368;
a9eb4238-eba9-488c-b102-b6140fd08e38;2019-11-01T19:09:00Z;63.62;63.6;63.62;63.6;42272;
a9eb4238-eba9-488c-b102-b6140fd08e38;2019-11-01T19:10:00Z;63.6;63.61;63.61;63.59;41788;
a9eb4238-eba9-488c-b102-b6140fd08e38;2019-11-01T19:11:00Z;63.61;63.63;63.63;63.59;75356;
a9eb4238-eba9-488c-b102-b6140fd08e38;2019-11-01T19:12:00Z;63.63;63.64;63.65;63.61;78888;
a9eb4238-eba9-488c-b102-b6140fd08e38;2019-11-01T19:13:00Z;63.64;63.67;63.68;63.63;93088;
a9eb4238-eba9-488c-b102-b6140fd08e38;2019-11-01T19:14:00Z;63.67;63.66;63.68;63.65;62904;
a9eb4238-eba9-488c-b102-b6140fd08e38;2019-11-01T19:15:00Z;63.66;63.68;63.69;63.63;52020;
a9eb4238-eba9-488c-b102-b6140fd08e38;2019-11-01T19:16:00Z;63.69;63.67;63.69;63.67;60792;
a9eb4238-eba9-488c-b102-b6140fd08e38;2019-11-01T19:17:00Z;63.67;63.7;63.7;63.67;104752;
a9eb4238-eba9-488c-b102-b6140fd08e38;2019-11-01T19:18:00Z;63.7;63.7;63.71;63.69;88428;
a9eb4238-eba9-488c-b102-b6140fd08e38;2019-11-01T19:19:00Z;63.7;63.69;63.7;63.68;40428;
a9eb4238-eba9-488c-b102-b6140fd08e38;2019-11-01T19:20:00Z;63.69;63.65;63.69;63.64;71068;
a9eb4238-eba9-488c-b102-b6140fd08e38;2019-11-01T19:21:00Z;63.65;63.67;63.68;63.65;36776;
a9eb4238-eba9-488c-b102-b6140fd08e38;2019-11-01T19:22:00Z;63.67;63.69;63.7;63.67;45164;
a9eb4238-eba9-488c-b102-b6140fd08e38;2019-11-01T19:23:00Z;63.69;63.64;63.69;63.64;41136;
a9eb4238-eba9-488c-b102-b6140fd08e38;2019-11-01T19:24:00Z;63.64;63.64;63.64;63.61;70156;
a9eb4238-eba9-488c-b102-b6140fd08e38;2019-11-01T19:25:00Z;63.64;63.61;63.64;63.6;56484;
a9eb4238-eba9-488c-b102-b6140fd08e38;2019-11-01T19:26:00Z;63.61;63.62;63.62;63.61;37156;
a9eb4238-eba9-488c-b102-b6140fd08e38;2019-11-01T19:27:00Z;63.62;63.64;63.64;63.62;55176;
a9eb4238-eba9-488c-b102-b6140fd08e38;2019-11-01T19:28:00Z;63.63;63.63;63.64;63.62;42540;
a9eb4238-eba9-488c-b102-b6140fd08e38;2019-11-01T19:29:00Z;63.63;63.65;63.66;63.63;64988;
a9eb4238-eba9-488c-b102-b6140fd08e38;2019-11-01T19:30:00Z;63.65;63.66;63.66;63.64;47648;
a9eb4238-eba9-488c-b102-b6140fd08e38;2019-11-01T19:31:00Z;63.67;63.66;63.67;63.65;80176;
a9eb4238-eba9-488c-b102-b6140fd08e38;2019-11-01T19:32:00Z;63.66;63.65;63.67;63.65;60040;
a9eb4238-eba9-488c-b102-b6140fd08e38;2019-11-01T19:33:00Z;63.65;63.67;63.67;63.65;33628;
a9eb4238-eba9-488c-b102-b6140fd08e38;2019-11-01T19:34:00Z;63.66;63.67;63.67;63.65;64616;
a9eb4238-eba9-488c-b102-b6140fd08e38;2019-11-01T19:35:00Z;63.67;63.67;63.67;63.65;39556;
a9eb4238-eba9-488c-b102-b6140fd08e38;2019-11-01T19:36:00Z;63.67;63.67;63.67;63.66;36312;
a9eb4238-eba9-488c-b102-b6140fd08e38;2019-11-01T19:37:00Z;63.67;63.71;63.71;63.67;185216;
a9eb4238-eba9-488c-b102-b6140fd08e38;2019-11-01T19:38:00Z;63.71;63.71;63.72;63.7;61344;
a9eb4238-eba9-488c-b102-b6140fd08e38;2019-11-01T19:39:00Z;63.71;63.69;63.71;63.69;48680;
a9eb4238-eba9-488c-b102-b6140fd08e38;2019-11-01T19:40:00Z;63.69;63.68;63.7;63.68;46140;
a9eb4238-eba9-488c-b102-b6140fd08e38;2019-11-01T19:41:00Z;63.69;63.66;63.69;63.65;84972;
a9eb4238-eba9-488c-b102-b6140fd08e38;2019-11-01T19:42:00Z;63.66;63.69;63.69;63.66;59364;
a9eb4238-eba9-488c-b102-b6140fd08e38;2019-11-01T19:43:00Z;63.69;63.66;63.69;63.66;62256;
a9eb4238-eba9-488c-b102-b6140fd08e38;2019-11-01T19:44:00Z;63.66;63.67;63.68;63.66;45212;
a9eb4238-eba9-488c-b102-b6140fd08e38;2019-11-01T19:45:00Z;63.67;63.73;63.73;63.67;228464;
a9eb4238-eba9-488c-b102-b6140fd08e38;2019-11-01T19:46:00Z;63.73;63.73;63.74;63.72;139492;
a9eb4238-eba9-488c-b102-b6140fd08e38;2019-11-01T19:47:00Z;63.73;63.75;63.75;63.72;118596;
a9eb4238-eba9-488c-b102-b6140fd08e38;2019-11-01T19:48:00Z;63.75;63.73;63.75;63.73;140044;
a9eb4238-eba9-488c-b102-b6140fd08e38;2019-11-01T19:49:00Z;63.73;63.73;63.75;63.72;383256;
a9eb4238-eba9-488c-b102-b6140fd08e38;2019-11-01T19:50:00Z;63.73;63.75;63.75;63.72;142420;
a9eb4238-eba9-488c-b102-b6140fd08e38;2019-11-01T19:51:00Z;63.75;63.73;63.75;63.72;453408;
a9eb4238-eba9-488c-b102-b6140fd08e38;2019-11-01T19:52:00Z;63.73;63.77;63.77;63.73;353216;
a9eb4238-eba9-488c-b102-b6140fd08e38;2019-11-01T19:53:00Z;63.77;63.8;63.81;63.75;225788;
a9eb4238-eba9-488c-b102-b6140fd08e38;2019-11-01T19:54:00Z;63.8;63.83;63.84;63.79;249856;
a9eb4238-eba9-488c-b102-b6140fd08e38;2019-11-01T19:55:00Z;63.83;63.89;63.96;63.82;875444;
a9eb4238-eba9-488c-b102-b6140fd08e38;2019-11-01T19:56:00Z;63.89;63.93;63.95;63.88;346600;
a9eb4238-eba9-488c-b102-b6140fd08e38;2019-11-01T19:57:00Z;63.94;63.93;63.97;63.92;394252;
a9eb4238-eba9-488c-b102-b6140fd08e38;2019-11-01T19:58:00Z;63.93;63.92;63.95;63.9;499952;
a9eb4238-eba9-488c-b102-b6140fd08e38;2019-11-01T19:59:00Z;63.92;63.96;63.98;63.91;774964;
a9eb4238-eba9-488c-b102-b6140fd08e38;2019-11-01T20:00:00Z;63.96;63.96;63.98;63.94;8216208;
a9eb4238-eba9-488c-b102-b6140fd08e38;2019-11-01T20:01:00Z;63.96;63.93;63.96;63.88;23576;
a9eb4238-eba9-488c-b102-b6140fd08e38;2019-11-01T20:02:00Z;63.94;63.93;63.96;63.93;2080;
a9eb4238-eba9-488c-b102-b6140fd08e38;2019-11-01T20:03:00Z;63.95;63.95;63.95;63.9;1604;
a9eb4238-eba9-488c-b102-b6140fd08e38;2019-11-01T20:04:00Z;63.95;63.94;63.95;63.93;8840;
a9eb4238-eba9-488c-b102-b6140fd08e38;2019-11-01T20:05:00Z;63.94;63.93;63.95;63.93;4396;
a9eb4238-eba9-488c-b102-b6140fd08e38;2019-11-01T20:06:00Z;63.94;63.91;63.94;63.91;3744;
a9eb4238-eba9-488c-b102-b6140fd08e38;2019-11-01T20:07:00Z;63.93;63.93;63.93;63.92;1836;
a9eb4238-eba9-488c-b102-b6140fd08e38;2019-11-01T20:08:00Z;63.93;63.93;63.93;63.9;8220;
a9eb4238-eba9-488c-b102-b6140fd08e38;2019-11-01T20:10:00Z;63.93;63.92;63.93;63.91;3012;
a9eb4238-eba9-488c-b102-b6140fd08e38;2019-11-01T20:12:00Z;63.94;63.94;63.94;63.94;400;
a9eb4238-eba9-488c-b102-b6140fd08e38;2019-11-01T20:13:00Z;63.95;63.93;63.95;63.93;1016;
a9eb4238-eba9-488c-b102-b6140fd08e38;2019-11-01T20:14:00Z;63.94;63.93;63.95;63.93;5260;
a9eb4238-eba9-488c-b102-b6140fd08e38;2019-11-01T20:16:00Z;63.95;63.95;63.95;63.94;1864;
a9eb4238-eba9-488c-b102-b6140fd08e38;2019-11-01T20:17:00Z;63.95;63.95;63.95;63.95;80;
a9eb4238-eba9-488c-b102-b6140fd08e38;2019-11-01T20:18:00Z;63.95;63.96;63.96;63.95;456;
a9eb4238-eba9-488c-b102-b6140fd08e38;2019-11-01T20:20:00Z;63.95;63.95;63.95;63.95;12;
a9eb4238-eba9-488c-b102-b6140fd08e38;2019-11-01T20:21:00Z;63.94;63.94;63.94;63.94;600;
a9eb4238-eba9-488c-b102-b6140fd08e38;2019-11-01T20:22:00Z;63.94;63.94;63.94;63.94;4;
a9eb4238-eba9-488c-b102-b6140fd08e38;2019-11-01T20:24:00Z;63.94;63.94;63.94;63.94;64;
a9eb4238-eba9-488c-b102-b6140fd08e38;2019-11-01T20:25:00Z;63.96;63.96;63.96;63.96;2040;
a9eb4238-eba9-488c-b102-b6140fd08e38;2019-11-01T20:26:00Z;63.95;63.94;63.95;63.94;5740;
a9eb4238-eba9-488c-b102-b6140fd08e38;2019-11-01T20:27:00Z;63.95;63.95;63.95;63.95;4;
a9eb4238-eba9-488c-b102-b6140fd08e38;2019-11-01T20:28:00Z;63.94;63.94;63.94;63.94;320;
a9eb4238-eba9-488c-b102-b6140fd08e38;2019-11-01T20:29:00Z;63.95;63.94;63.95;63.94;3092;
a9eb4238-eba9-488c-b102-b6140fd08e38;2019-11-01T20:30:00Z;63.95;63.94;63.95;63.94;44;
a9eb4238-eba9-488c-b102-b6140fd08e38;2019-11-01T20:31:00Z;63.94;63.94;63.94;63.94;332;
a9eb4238-eba9-488c-b102-b6140fd08e38;2019-11-01T20:32:00Z;63.94;63.94;63.94;63.94;952;
a9eb4238-eba9-488c-b102-b6140fd08e38;2019-11-01T20:33:00Z;63.92;63.92;63.92;63.92;4;
a9eb4238-eba9-488c-b102-b6140fd08e38;2019-11-01T20:34:00Z;63.94;63.95;63.95;63.94;200;
a9eb4238-eba9-488c-b102-b6140fd08e38;2019-11-01T20:36:00Z;63.94;63.94;63.94;63.94;1108;
a9eb4238-eba9-488c-b102-b6140fd08e38;2019-11-01T20:39:00Z;63.94;63.92;63.94;63.92;2356;
a9eb4238-eba9-488c-b102-b6140fd08e38;2019-11-01T20:40:00Z;63.93;63.93;63.93;63.92;5676;
a9eb4238-eba9-488c-b102-b6140fd08e38;2019-11-01T20:41:00Z;63.92;63.92;63.92;63.92;20;
a9eb4238-eba9-488c-b102-b6140fd08e38;2019-11-01T20:42:00Z;63.93;63.93;63.93;63.93;1256;
a9eb4238-eba9-488c-b102-b6140fd08e38;2019-11-01T20:44:00Z;63.94;63.93;63.95;63.93;1580;
a9eb4238-eba9-488c-b102-b6140fd08e38;2019-11-01T20:45:00Z;63.94;63.94;63.94;63.94;400;
a9eb4238-eba9-488c-b102-b6140fd08e38;2019-11-01T20:46:00Z;63.95;63.95;63.95;63.95;1860;
a9eb4238-eba9-488c-b102-b6140fd08e38;2019-11-01T20:47:00Z;63.95;63.93;63.95;63.93;184;
a9eb4238-eba9-488c-b102-b6140fd08e38;2019-11-01T20:48:00Z;63.95;63.95;63.95;63.95;3752;
a9eb4238-eba9-488c-b102-b6140fd08e38;2019-11-01T20:49:00Z;63.95;63.95;63.95;63.95;88;
a9eb4238-eba9-488c-b102-b6140fd08e38;2019-11-01T20:51:00Z;63.94;63.96;63.96;63.94;3304;
a9eb4238-eba9-488c-b102-b6140fd08e38;2019-11-01T20:53:00Z;63.96;63.96;63.96;63.96;2000;
a9eb4238-eba9-488c-b102-b6140fd08e38;2019-11-01T20:54:00Z;63.94;63.94;63.94;63.94;16;
a9eb4238-eba9-488c-b102-b6140fd08e38;2019-11-01T20:55:00Z;63.95;63.95;63.96;63.95;1232;
a9eb4238-eba9-488c-b102-b6140fd08e38;2019-11-01T20:56:00Z;63.96;63.95;63.96;63.95;1236;
a9eb4238-eba9-488c-b102-b6140fd08e38;2019-11-01T20:57:00Z;63.95;63.95;63.95;63.95;400;
a9eb4238-eba9-488c-b102-b6140fd08e38;2019-11-01T20:59:00Z;63.96;63.96;63.96;63.95;1180;
a9eb4238-eba9-488c-b102-b6140fd08e38;2019-11-01T21:00:00Z;63.96;63.96;63.96;63.96;9540;
a9eb4238-eba9-488c-b102-b6140fd08e38;2019-11-01T21:01:00Z;63.96;63.96;63.96;63.96;840;
a9eb4238-eba9-488c-b102-b6140fd08e38;2019-11-01T21:03:00Z;63.97;64;64;63.97;2440;
a9eb4238-eba9-488c-b102-b6140fd08e38;2019-11-01T21:04:00Z;63.96;63.96;63.96;63.96;2028;
a9eb4238-eba9-488c-b102-b6140fd08e38;2019-11-01T21:05:00Z;64;63.99;64;63.99;116;
a9eb4238-eba9-488c-b102-b6140fd08e38;2019-11-01T21:07:00Z;63.96;63.96;63.96;63.96;1204;
a9eb4238-eba9-488c-b102-b6140fd08e38;2019-11-01T21:08:00Z;63.97;63.97;63.97;63.97;216;
a9eb4238-eba9-488c-b102-b6140fd08e38;2019-11-01T21:09:00Z;63.97;63.96;63.97;63.96;588;
a9eb4238-eba9-488c-b102-b6140fd08e38;2019-11-01T21:10:00Z;63.96;63.96;63.98;63.96;24;
a9eb4238-eba9-488c-b102-b6140fd08e38;2019-11-01T21:11:00Z;63.98;63.99;63.99;63.97;2780;
a9eb4238-eba9-488c-b102-b6140fd08e38;2019-11-01T21:13:00Z;63.97;63.97;63.97;63.97;468;
a9eb4238-eba9-488c-b102-b6140fd08e38;2019-11-01T21:14:00Z;63.97;63.97;63.97;63.97;80;
a9eb4238-eba9-488c-b102-b6140fd08e38;2019-11-01T21:15:00Z;63.97;63.98;63.98;63.96;6428;
a9eb4238-eba9-488c-b102-b6140fd08e38;2019-11-01T21:19:00Z;63.98;63.98;63.98;63.98;36;
a9eb4238-eba9-488c-b102-b6140fd08e38;2019-11-01T21:20:00Z;63.98;63.98;63.98;63.98;4;
a9eb4238-eba9-488c-b102-b6140fd08e38;2019-11-01T21:22:00Z;63.96;63.97;63.97;63.96;64;
a9eb4238-eba9-488c-b102-b6140fd08e38;2019-11-01T21:26:00Z;63.98;63.96;63.99;63.96;264;
a9eb4238-eba9-488c-b102-b6140fd08e38;2019-11-01T21:27:00Z;63.97;63.97;63.97;63.97;8;
a9eb4238-eba9-488c-b102-b6140fd08e38;2019-11-01T21:28:00Z;63.98;63.98;63.98;63.98;24;
a9eb4238-eba9-488c-b102-b6140fd08e38;2019-11-01T21:29:00Z;63.99;63.98;63.99;63.98;716;
a9eb4238-eba9-488c-b102-b6140fd08e38;2019-11-01T21:30:00Z;64;64;64;64;1140;
a9eb4238-eba9-488c-b102-b6140fd08e38;2019-11-01T21:31:00Z;64;64;64;64;4;
a9eb4238-eba9-488c-b102-b6140fd08e38;2019-11-01T21:32:00Z;64;63.99;64;63.99;448;
a9eb4238-eba9-488c-b102-b6140fd08e38;2019-11-01T21:33:00Z;63.99;64;64;63.99;2120;
a9eb4238-eba9-488c-b102-b6140fd08e38;2019-11-01T21:34:00Z;64;64;64;64;764;
a9eb4238-eba9-488c-b102-b6140fd08e38;2019-11-01T21:39:00Z;64;63.97;64;63.97;180;
a9eb4238-eba9-488c-b102-b6140fd08e38;2019-11-01T21:40:00Z;63.97;63.97;63.97;63.97;24;
a9eb4238-eba9-488c-b102-b6140fd08e38;2019-11-01T21:41:00Z;63.97;63.97;63.97;63.97;20;
a9eb4238-eba9-488c-b102-b6140fd08e38;2019-11-01T21:42:00Z;64;64;64;64;80;
a9eb4238-eba9-488c-b102-b6140fd08e38;2019-11-01T21:44:00Z;63.98;63.98;63.98;63.98;48;
a9eb4238-eba9-488c-b102-b6140fd08e38;2019-11-01T21:45:00Z;63.98;63.98;63.98;63.98;24;
a9eb4238-eba9-488c-b102-b6140fd08e38;2019-11-01T21:47:00Z;63.99;63.99;63.99;63.99;4;
a9eb4238-eba9-488c-b102-b6140fd08e38;2019-11-01T21:48:00Z;63.97;63.96;63.97;63.96;3388;
a9eb4238-eba9-488c-b102-b6140fd08e38;2019-11-01T21:49:00Z;63.96;63.96;63.96;63.96;12;
a9eb4238-eba9-488c-b102-b6140fd08e38;2019-11-01T21:50:00Z;63.97;63.96;63.97;63.96;4012;
a9eb4238-eba9-488c-b102-b6140fd08e38;2019-11-01T22:06:00Z;63.97;63.96;63.97;63.96;1016;
a9eb4238-eba9-488c-b102-b6140fd08e38;2019-11-01T22:07:00Z;63.98;63.98;63.99;63.96;2164;
a9eb4238-eba9-488c-b102-b6140fd08e38;2019-11-01T22:08:00Z;63.99;63.98;63.99;63.98;12;
a9eb4238-eba9-488c-b102-b6140fd08e38;2019-11-01T22:09:00Z;63.98;63.96;63.98;63.96;132;
a9eb4238-eba9-488c-b102-b6140fd08e38;2019-11-01T22:12:00Z;63.99;63.99;63.99;63.99;2352;
a9eb4238-eba9-488c-b102-b6140fd08e38;2019-11-01T22:16:00Z;63.98;63.98;63.98;63.98;400;
a9eb4238-eba9-488c-b102-b6140fd08e38;2019-11-01T22:17:00Z;63.98;63.98;63.98;63.98;4;
a9eb4238-eba9-488c-b102-b6140fd08e38;2019-11-01T22:23:00Z;63.97;63.97;63.97;63.97;32;
a9eb4238-eba9-488c-b102-b6140fd08e38;2019-11-01T22:26:00Z;63.97;63.97;63.97;63.97;52;
a9eb4238-eba9-488c-b102-b6140fd08e38;2019-11-01T22:27:00Z;63.97;63.97;63.97;63.97;8;
a9eb4238-eba9-488c-b102-b6140fd08e38;2019-11-01T22:30:00Z;63.97;63.97;63.97;63.97;24;
a9eb4238-eba9-488c-b102-b6140fd08e38;2019-11-01T22:32:00Z;63.97;63.97;63.97;63.97;16;
a9eb4238-eba9-488c-b102-b6140fd08e38;2019-11-01T22:33:00Z;63.97;63.97;63.97;63.97;12;
a9eb4238-eba9-488c-b102-b6140fd08e38;2019-11-01T22:40:00Z;63.97;63.97;63.97;63.97;276;
a9eb4238-eba9-488c-b102-b6140fd08e38;2019-11-01T22:41:00Z;63.97;63.97;63.97;63.97;8;
a9eb4238-eba9-488c-b102-b6140fd08e38;2019-11-01T22:43:00Z;63.97;63.97;63.97;63.97;8;
